Location,Year,Jan,Feb,Mar,Apr,May,Jun,Jul,Aug,Sep,Oct,Nov,Dec
Malaybalay,1952, 43.1 , 63.8 , 84.0 , 69.7 , 388.9 , 401.1 , 509.9 , 347.2 , 480.7 , 394.7 , 329.7 , 305.5 
Malaybalay,1953, 125.2 , 83.1 , 81.8 , 66.1 , 362.0 , 246.6 , 359.0 , 320.7 , 411.9 , 297.9 , 323.5 , 126.5 
Malaybalay,1954, 72.5 , 42.6 , 80.4 , 24.5 , 287.3 , 375.4 , 416.5 , 363.6 , 336.0 , 426.4 , 157.2 , 341.7 
Malaybalay,1955, 228.4 , 13.1 , 174.8 , 70.1 , 176.3 , 373.3 , 324.8 , 306.8 , 379.7 , 538.5 , 206.0 , 235.0 
Malaybalay,1956, 162.8 , 162.0 , 101.7 , 228.0 , 432.5 , 264.1 , 338.4 , 314.1 , 312.2 , 256.3 , 215.2 , 455.5 
Malaybalay,1957, 40.7 , 55.7 , 97.1 , 112.1 , 126.2 , 562.0 , 207.2 , 363.6 , 381.4 , 122.0 , 104.1 , 52.4 
Malaybalay,1958, 41.6 , 112.1 , 11.0 , 79.6 , 141.2 , 241.8 , 268.4 , 243.4 , 131.5 , 289.8 , 313.4 , 81.7 
Malaybalay,1959, 143.1 , 112.1 , 59.9 , 140.8 , 238.6 , 211.1 , 435.4 , 338.5 , 348.2 , 391.6 , 87.5 , 47.5 
Malaybalay,1960, 92.4 , 109.9 , 94.4 , 101.9 , 194.5 , 316.4 , 336.0 , 295.7 , 465.1 , 173.4 , 143.2 , 137.8 
Malaybalay,1961, 222.7 , 61.1 , 142.3 , 43.0 , 153.8 , 165.4 , 299.3 , 206.1 , 277.7 , 336.7 , 152.0 , 145.5 
Malaybalay,1962, 143.1 , 320.8 , 157.9 , 88.2 , 315.6 , 409.3 , 272.1 , 471.0 , 422.3 , 154.8 , 171.5 , 86.0 
Malaybalay,1963, 211.2 , 176.3 , 174.0 , 91.7 , 344.5 , 270.2 , 338.9 , 473.0 , 406.9 , 367.2 , 46.9 , 72.2 
Malaybalay,1964, 54.6 , 112.1 , 104.1 , 187.2 , 431.0 , 256.8 , 129.5 , 314.1 , 289.6 , 407.8 , 386.7 , 93.6 
Malaybalay,1965, 155.9 , 119.9 , 195.7 , 258.8 , 215.6 , 530.5 , 371.7 , 378.2 , 233.6 , 145.0 , 215.4 , 31.4 
Malaybalay,1966, 143.1 , 42.2 , 74.5 , 126.0 , 217.0 , 245.5 , 617.2 , 449.0 , 256.8 , 314.7 , 360.3 , 131.3 
Malaybalay,1967, 122.2 , 88.7 , 101.5 , 84.1 , 195.3 , 343.9 , 294.0 , 169.3 , 186.9 , 277.0 , 116.1 , 101.2 
Malaybalay,1968, 143.1 , 72.0 , 64.4 , 29.6 , 141.4 , 350.1 , 336.0 , 313.5 , 351.0 , 214.9 , 41.6 , 119.1 
Malaybalay,1969, 52.4 , 14.8 , 21.0 , 51.4 , 147.6 , 288.9 , 193.9 , 264.4 , 442.0 , 376.5 , 105.3 , 42.5 
Malaybalay,1970, 57.8 , 108.3 , 50.9 , 6.9 , 100.4 , 316.4 , 251.8 , 420.1 , 211.7 , 321.0 , 120.5 , 208.8 
Malaybalay,1971, 47.7 , 219.8 , 81.4 , 73.7 , 251.7 , 309.7 , 332.3 , 452.4 , 357.8 , 298.7 , 290.5 , 103.7 
Malaybalay,1972, 111.3 , 107.7 , 407.2 , 97.5 , 275.3 , 323.2 , 113.9 , 234.2 , 383.6 , 185.3 , 112.2 , 174.6 
Malaybalay,1973, 2.5 , 52.4 , 17.2 , 73.0 , 161.6 , 138.1 , 382.2 , 305.1 , 393.9 , 281.5 , 397.1 , 134.1 
Malaybalay,1974, 137.0 , 218.5 , 70.9 , 189.1 , 313.4 , 269.6 , 333.9 , 291.0 , 144.6 , 488.8 , 198.0 , 256.6 
Malaybalay,1975, 177.1 , 73.0 , 112.0 , 299.4 , 336.4 , 404.5 , 400.9 , 309.0 , 358.5 , 542.5 , 174.5 , 285.2 
Malaybalay,1976, 197.4 , 50.8 , 66.5 , 57.5 , 271.0 , 228.3 , 336.0 , 287.8 , 164.7 , 313.0 , 188.9 , 145.3 
Malaybalay,1977, 122.2 , 112.1 , 44.2 , 72.4 , 253.8 , 237.8 , 443.7 , 367.3 , 58.2 , 139.7 , 262.0 , 54.6 
Malaybalay,1978, 87.4 , 43.4 , 46.5 , 51.8 , 255.7 , 305.4 , 319.4 , 314.1 , 228.6 , 350.4 , 226.4 , 149.5 
Malaybalay,1979, 53.1 , 59.0 , 29.4 , 25.1 , 218.4 , 318.5 , 315.5 , 268.3 , 312.2 , 467.6 , 142.8 , 175.5 
Malaybalay,1980, 266.4 , 55.7 , 17.1 , 68.1 , 88.8 , 458.6 , 361.6 , 279.0 , 377.1 , 406.4 , 91.9 , 166.2 
Malaybalay,1981, 417.5 , 165.0 , 55.9 , 52.6 , 242.4 , 410.6 , 332.4 , 96.1 , 312.2 , 233.5 , 122.1 , 53.1 
Malaybalay,1982, 323.5 , 199.3 , 244.2 , 53.4 , 191.0 , 198.1 , 187.7 , 314.1 , 202.9 , 325.9 , 202.6 , 62.4 
Malaybalay,1983, 43.6 , 112.1 , 4.9 , 4.0 , 60.5 , 409.5 , 415.6 , 374.0 , 445.2 , 423.2 , 157.7 , 94.7 
Malaybalay,1984, 216.6 , 141.4 , 104.1 , 112.1 , 210.3 , 334.7 , 222.1 , 232.4 , 405.9 , 386.0 , 138.4 , 103.1 
Malaybalay,1985, 150.2 , 112.1 , 45.4 , 268.8 , 184.7 , 153.6 , 311.1 , 320.1 , 420.7 , 395.1 , 136.7 , 278.5 
Malaybalay,1986, 217.6 , 45.8 , 134.1 , 44.7 , 256.4 , 395.0 , 328.2 , 304.6 , 322.8 , 248.2 , 298.2 , 45.4 
Malaybalay,1987, 83.5 , 156.1 , 67.1 , 21.0 , 260.0 , 281.7 , 311.5 , 329.5 , 374.0 , 266.1 , 226.4 , 187.5 
Malaybalay,1988, 14.6 , 74.3 , 123.8 , 361.6 , 219.7 , 316.1 , 239.7 , 283.4 , 353.3 , 300.7 , 134.0 , 193.0 
Malaybalay,1989, 88.9 , 90.8 , 276.3 , 97.7 , 379.3 , 409.1 , 432.2 , 651.0 , 257.1 , 169.3 , 123.5 , 14.3 
Malaybalay,1990, 92.7 , 14.5 , 40.5 , 66.2 , 330.7 , 267.4 , 225.5 , 332.7 , 338.0 , 174.4 , 290.2 , 41.8 
Malaybalay,1991, 147.4 , 82.3 , 41.0 , 85.9 , 264.5 , 263.6 , 263.5 , 230.5 , 96.4 , 285.0 , 143.1 , 45.3 
Malaybalay,1992, 85.5 , 11.2 , 13.7 , 23.8 , 236.4 , 306.6 , 582.9 , 316.9 , 218.2 , 504.8 , 126.4 , 132.8 
Malaybalay,1993, 57.7 , 194.7 , 146.3 , 78.6 , 67.0 , 206.7 , 456.0 , 184.3 , 250.8 , 397.3 , 263.5 , 216.1 
Malaybalay,1994, 94.1 , 148.8 , 148.2 , 91.7 , 211.5 , 314.5 , 185.2 , 249.5 , 318.0 , 305.9 , 50.2 , 98.6 
Malaybalay,1995, 227.2 , 116.9 , 154.0 , 108.3 , 248.3 , 295.5 , 343.3 , 388.8 , 543.6 , 295.7 , 200.0 , 221.3 
Malaybalay,1996, 112.2 , 98.9 , 69.2 , 226.3 , 216.3 , 265.8 , 263.3 , 229.5 , 196.4 , 282.2 , 271.7 , 38.6 
Malaybalay,1997, 141.9 , 110.3 , 206.2 , 149.4 , 318.9 , 285.3 , 437.7 , 256.8 , 379.2 , 375.8 , 118.7 , 53.0 
Malaybalay,1998, 68.3 , 20.2 , 12.5 , 7.4 , 150.5 , 239.6 , 361.0 , 184.6 , 236.7 , 201.1 , 241.1 , 141.8 
Malaybalay,1999, 336.6 , 191.3 , 340.8 , 628.3 , 252.0 , 269.9 , 274.6 , 303.7 , 500.5 , 180.8 , 160.6 , 182.1 
Malaybalay,2000, 146.8 , 253.6 , 171.2 , 114.4 , 267.7 , 579.0 , 413.0 , 317.2 , 153.6 , 421.5 , 151.6 , 157.5 
Malaybalay,2001, 81.1 , 137.9 , 183.3 , 103.8 , 422.1 , 348.6 , 242.5 , 168.0 , 392.8 , 167.6 , 269.5 , 157.2 
Malaybalay,2002, 115.4 , 96.6 , 50.7 , 35.1 , 161.9 , 537.3 , 280.2 , 165.2 , 194.8 , 211.7 , 104.6 , 51.6 
Malaybalay,2003, 147.3 , 107.2 , 42.5 , 38.9 , 275.4 , 244.0 , 517.5 , 410.4 , 309.9 , 346.6 , 266.3 , 266.7 
Malaybalay,2004, 55.5 , 202.0 , 116.5 , 56.2 , 242.2 , 346.8 , 317.4 , 143.3 , 357.3 , 183.2 , 74.7 , 78.4 
Malaybalay,2005, 42.8 , 7.1 , 130.2 , 32.2 , 228.9 , 267.9 , 234.1 , 347.5 , 402.3 , 352.3 , 97.2 , 243.0 
Malaybalay,2006, 107.9 , 98.5 , 105.2 , 42.7 , 115.9 , 246.8 , 275.7 , 210.6 , 249.9 , 350.6 , 170.5 , 46.1 
Malaybalay,2007, 178.2 , 29.6 , 37.8 , 157.6 , 268.4 , 250.5 , 266.2 , 436.8 , 334.3 , 385.7 , 331.4 , 121.3 
Malaybalay,2008, 206.4 , 180.0 , 105.3 , 181.6 , 211.5 , 231.9 , 339.0 , 438.4 , 293.2 , 350.9 , 175.2 , 272.8 
Malaybalay,2009, 312.2 , 179.8 , 63.8 , 377.5 , 250.2 , 301.7 , 553.2 , 208.8 , 292.5 , 234.0 , 165.3 , 61.7 
Malaybalay,2010, 131.9 , 75.3 , 32.7 , 48.4 , 122.1 , 416.5 , 317.2 , 474.3 , 349.0 , 605.8 , 61.8 , 191.5 
Malaybalay,2011, 380.5 , 269.5 , 113.4 , 72.9 , 421.3 , 379.6 , 494.9 , 571.0 , 279.6 , 263.2 , 253.7 , 306.4 
Malaybalay,2012, 181.4 , 139.4 , 203.0 , 103.0 , 518.9 , 366.3 , 441.5 , 227.0 , 310.2 , 175.5 , 111.3 , 301.6 
Malaybalay,2013, 409.1 , 222.9 , 105.9 , 234.9 , 184.8 , 313.5 , 326.8 , 313.8 , 159.5 , 325.8 , 250.0 , 86.2 
Lumbia,1977, 42.9 , 156.6 , 16.7 , 62.0 , 81.4 , 83.6 , 319.9 , 369.4 , 16.9 , 68.4 , 215.4 , 11.2 
Lumbia,1978, 52.7 , 33.5 , 9.5 , 80.2 , 103.0 , 165.1 , 248.5 , 197.3 , 275.3 , 177.2 , 102.5 , 129.4 
Lumbia,1979, 16.2 , 0.8 , 12.7 , 17.6 , 196.3 , 334.3 , 274.6 , 85.2 , 271.1 , 158.8 , 36.5 , 107.2 
Lumbia,1980, 59.1 , 75.0 , 51.2 , 40.4 , 61.1 , 342.6 , 116.1 , 331.0 , 210.3 , 423.3 , 69.8 , 178.7 
Lumbia,1981, 312.8 , 54.3 , 14.4 , 62.0 , 103.8 , 158.8 , 308.0 , 48.4 , 179.4 , 115.9 , 127.3 , 57.3 
Lumbia,1982, 248.1 , 160.6 , 108.0 , 27.2 , 57.5 , 169.4 , 116.9 , 285.9 , 144.4 , 254.5 , 34.2 , 28.5 
Lumbia,1983, 9.1 , 76.8 , 51.2 , 62.0 , 2.0 , 169.3 , 372.3 , 346.4 , 245.1 , 221.1 , 74.7 , 42.2 
Lumbia,1984, 38.1 , 53.2 , 137.9 , 148.5 , 125.8 , 207.2 , 229.6 , 87.2 , 168.2 , 157.2 , 17.2 , 98.6 
Lumbia,1985, 130.5 , 2.3 , 5.8 , 62.0 , 112.0 , 117.2 , 276.7 , 315.1 , 246.1 , 207.6 , 122.1 , 281.4 
Lumbia,1986, 264.6 , 15.1 , 28.9 , 36.4 , 90.3 , 226.2 , 203.1 , 161.8 , 184.8 , 222.2 , 86.7 , 63.9 
Lumbia,1987, 20.2 , 65.3 , 13.8 , 62.0 , 107.9 , 194.6 , 200.4 , 247.9 , 33.0 , 41.5 , 107.7 , 61.5 
Lumbia,1988, 2.1 , 15.2 , 28.5 , 47.2 , 99.7 , 169.5 , 252.5 , 131.5 , 318.4 , 176.5 , 190.0 , 123.4 
Lumbia,1989, 86.1 , 93.2 , 84.8 , 32.7 , 312.8 , 403.9 , 221.4 , 200.2 , 253.2 , 219.2 , 96.8 , 77.9 
Lumbia,1990, 29.2 , 76.8 , 9.2 , 2.5 , 244.9 , 187.6 , 224.4 , 120.9 , 336.3 , 141.8 , 593.4 , 74.3 
Lumbia,1991, 67.2 , 13.3 , 78.7 , 70.9 , 67.5 , 172.3 , 359.4 , 123.9 , 113.0 , 206.5 , 132.2 , 11.1 
Lumbia,1992, 2.5 , 1.5 , 6.8 , 62.0 , 70.1 , 218.6 , 265.5 , 166.3 , 177.5 , 206.9 , 14.9 , 72.2 
Lumbia,1993, 33.1 , 157.1 , 31.3 , 24.1 , 31.8 , 75.0 , 244.2 , 200.6 , 400.8 , 259.2 , 118.5 , 255.7 
Lumbia,1994, 37.8 , 77.3 , 72.0 , 132.9 , 113.6 , 477.6 , 181.2 , 263.7 , 174.8 , 112.5 , 19.9 , 86.6 
Lumbia,1995, 71.1 , 27.0 , 59.1 , 20.6 , 83.0 , 201.9 , 260.9 , 296.9 , 268.2 , 165.2 , 136.9 , 259.0 
Lumbia,1996, 97.3 , 142.1 , 33.2 , 201.5 , 136.4 , 202.8 , 135.4 , 129.4 , 186.3 , 197.5 , 265.2 , 53.7 
Lumbia,1997, 136.8 , 32.1 , 98.2 , 0.4 , 135.0 , 184.5 , 285.7 , 100.2 , 306.7 , 234.7 , 52.2 , 48.3 
Lumbia,1998, 15.6 , 3.2 , 2.1 , 62.0 , 50.4 , 121.1 , 189.8 , 269.4 , 167.3 , 103.6 , 328.3 , 74.5 
Lumbia,1999, 151.5 , 255.0 , 125.5 , 165.9 , 167.7 , 94.3 , 370.7 , 186.4 , 128.0 , 175.8 , 195.7 , 289.7 
Lumbia,2000, 68.0 , 126.9 , 97.7 , 154.2 , 90.4 , 377.0 , 202.5 , 258.6 , 114.3 , 346.8 , 189.0 , 69.3 
Lumbia,2001, 19.9 , 84.2 , 121.8 , 26.5 , 227.4 , 158.2 , 315.2 , 238.4 , 243.1 , 128.0 , 300.6 , 137.3 
Lumbia,2002, 71.9 , 104.0 , 65.0 , 23.7 , 131.4 , 381.2 , 161.5 , 178.0 , 358.5 , 158.7 , 55.3 , 29.1 
Lumbia,2003, 35.4 , 13.5 , 3.1 , 0.1 , 127.0 , 254.2 , 285.3 , 235.2 , 337.6 , 157.4 , 81.6 , 401.7 
Lumbia,2004, 39.5 , 102.3 , 48.3 , 25.4 , 118.9 , 178.2 , 152.2 , 120.4 , 119.3 , 140.7 , 17.9 , 81.5 
Lumbia,2005, 28.8 , 9.7 , 68.5 , 3.0 , 186.2 , 204.0 , 217.8 , 241.2 , 288.9 , 167.7 , 32.7 , 160.8 
Lumbia,2006, 72.6 , 87.3 , 42.2 , 36.8 , 62.9 , 253.9 , 221.2 , 142.3 , 169.4 , 211.0 , 42.8 , 44.3 
Lumbia,2007, 85.6 , 47.4 , 2.8 , 24.2 , 135.2 , 248.0 , 212.5 , 233.1 , 181.6 , 209.8 , 160.8 , 99.2 
Lumbia,2008, 183.8 , 90.1 , 83.5 , 165.8 , 170.7 , 228.2 , 240.7 , 193.2 , 279.1 , 253.2 , 94.1 , 143.4 
Lumbia,2009, 457.0 , 207.1 , 1.0 , 136.8 , 233.7 , 189.9 , 307.8 , 138.7 , 209.7 , 105.1 , 329.3 , 36.0 
Lumbia,2010, 153.2 , 0.4 , 23.3 , 16.4 , 153.5 , 155.3 , 353.2 , 212.2 , 264.8 , 279.7 , 62.8 , 131.8 
Lumbia,2011, 181.3 , 166.3 , 130.7 , 34.9 , 118.3 , 231.6 , 182.5 , 226.8 , 232.3 , 209.1 , 115.6 , 333.6 
Lumbia,2012, 24.2 , 122.9 , 67.4 , 74.2 , 152.7 , 144.9 , 273.7 , 174.6 , 200.3 , 185.2 , 42.3 , 207.0 
Lumbia,2013, 211.1 , 93.3 , 61.2 , 89.3 , 201.1 , 310.2 , 279.7 , 211.4 , 162.0 , 186.5 , 103.5 , 13.7 
Kisolon,1980, 120 , 89 , 96 , 114 , 220 , 288 , 178 , 341 , 320 , 513 , 159 , 244 
Kisolon,1981, 416 , 50 , 19 , 2 , 220 , 288 , 253 , 224 , 262 , 231 , 162 , 139 
Kisolon,1982, 120 , 89 , 96 , 114 , 220 , 288 , 253 , 52 , 0 , 29 , 107 , 175 
Kisolon,1983, 7 , 10 , 96 , 114 , 220 , 288 , 253 , 224 , 262 , 231 , 162 , 139 
Kisolon,1984, 106 , 134 , 260 , 94 , 350 , 424 , 2 , 99 , 346 , 683 , 97 , 108 
Kisolon,1985, 266 , 44 , 62 , 188 , 315 , 221 , 236 , 126 , 291 , 220 , 88 , 110 
Kisolon,1986, 3 , 44 , 6 , 453 , 155 , 27 , 253 , 121 , 625 , 148 , 263 , 93 
Kisolon,1987, 105 , 89 , 96 , 114 , 161 , 648 , 345 , 577 , 47 , 18 , 90 , 34 
Kisolon,1988, 1 , 4 , 48 , 21 , 137 , 155 , 257 , 75 , 392 , 293 , 510 , 249 
Kisolon,1989, 74 , 67 , 203 , 95 , 232 , 348 , 432 , 448 , 322 , 202 , 233 , 47 
Kisolon,1990, 130 , 12 , 33 , 58 , 278 , 207 , 338 , 155 , 339 , 257 , 430 , 40 
Kisolon,1991, 180 , 82 , 90 , 310 , 58 , 187 , 265 , 140 , 176 , 219 , 116 , 13 
Kisolon,1992, 30 , 15 , 8 , 18 , 172 , 233 , 435 , 167 , 315 , 321 , 84 , 137 
Kisolon,1993, 19 , 217 , 112 , 102 , 52 , 251 , 193 , 257 , 280 , 289 , 183 , 309 
Kisolon,1994, 70 , 109 , 123 , 185 , 201 , 348 , 177 , 266 , 458 , 97 , 102 , 117 
Kisolon,1995, 242 , 89 , 170 , 47 , 138 , 373 , 370 , 363 , 229 , 185 , 160 , 393 
Kisolon,1996, 340 , 212 , 108 , 243 , 242 , 331 , 315 , 218 , 241 , 143 , 148 , 97 
Kisolon,1997, 144 , 107 , 119 , 87 , 95 , 380 , 224 , 163 , 331 , 206 , 37 , 75 
Kisolon,1998, 30 , 30 , 6 , 21 , 146 , 256 , 300 , 213 , 276 , 190 , 188 , 98 
Kisolon,1999, 240 , 233 , 144 , 298 , 288 , 244 , 322 , 189 , 201 , 231 , 109 , 157 
Kisolon,2000, 97 , 180 , 153 , 117 , 208 , 325 , 126 , 183 , 79 , 235 , 182 , 113 
Kisolon,2001, 27 , 38 , 169 , 180 , 519 , 318 , 238 , 290 , 98 , 100 , 306 , 139 
Kisolon,2002, 107 , 100 , 44 , 34 , 158 , 139 , 56 , 231 , 248 , 219 , 71 , 18 
Kisolon,2003, 78 , 89 , 96 , 114 , 220 , 133 , 395 , 343 , 183 , 342 , 95 , 391 
Kisolon,2004, 60 , 181 , 69 , 34 , 246 , 283 , 343 , 196 , 294 , 189 , 20 , 126 
Kisolon,2005, 63 , 9 , 67 , 16 , 351 , 481 , 286 , 224 , 262 , 231 , 162 , 139 
Kisolon,2006, 163 , 91 , 91 , 31 , 349 , 303 , 249 , 161 , 205 , 223 , 105 , 61 
PhilipsManolo,1956, 171.9 , 183.9 , 98.5 , 151.5 , 629.3 , 422.6 , 333.7 , 379.2 , 292.2 , 643.8 , 120.0 , 129.3 
PhilipsManolo,1957, 53.0 , 40.2 , 139.2 , 161.0 , 53.9 , 251.0 , 263.4 , 390.7 , 315.7 , 117.5 , 184.8 , 40.9 
PhilipsManolo,1958, 23.1 , 38.9 , 30.9 , 102.0 , 164.6 , 276.0 , 345.5 , 292.9 , 221.3 , 160.5 , 435.8 , 124.8 
PhilipsManolo,1959, 73.4 , 8.3 , 97.0 , 23.1 , 271.8 , 440.9 , 527.7 , 203.2 , 225.2 , 126.6 , 65.7 , 79.3 
PhilipsManolo,1960, 82.7 , 161.3 , 187.8 , 244.8 , 190.3 , 333.4 , 590.2 , 260.5 , 404.0 , 224.6 , 301.0 , 169.9 
PhilipsManolo,1961, 254.5 , 73.1 , 118.4 , 114.7 , 376.9 , 233.9 , 383.3 , 317.6 , 195.6 , 207.9 , 147.4 , 129.6 
PhilipsManolo,1962, 172.8 , 277.0 , 179.1 , 60.3 , 211.7 , 368.2 , 228.3 , 344.8 , 387.5 , 99.3 , 233.2 , 167.9 
PhilipsManolo,1963, 251.4 , 123.4 , 166.7 , 31.3 , 112.2 , 272.2 , 235.8 , 368.2 , 263.5 , 207.8 , 52.3 , 121.2 
PhilipsManolo,1964, 55.1 , 180.7 , 37.8 , 476.3 , 533.9 , 401.1 , 276.4 , 138.9 , 497.8 , 224.7 , 326.7 , 158.0 
PhilipsManolo,1965, 140.9 , 107.2 , 97.7 , 166.6 , 265.8 , 341.9 , 321.8 , 396.5 , 320.0 , 200.9 , 83.7 , 90.0 
PhilipsManolo,1966, 40.2 , 49.8 , 50.9 , 98.4 , 349.3 , 234.7 , 423.7 , 222.5 , 172.6 , 251.7 , 167.1 , 105.0 
PhilipsManolo,1967, 149.6 , 155.1 , 126.0 , 167.4 , 163.6 , 301.7 , 226.6 , 302.4 , 289.6 , 135.9 , 118.9 , 62.7 
PhilipsManolo,1968, 140.6 , 55.2 , 70.8 , 61.8 , 92.3 , 330.4 , 220.4 , 339.2 , 183.7 , 166.3 , 64.6 , 162.5 
PhilipsManolo,1969, 40.7 , 34.7 , 114.8 , 102.8 , 302.1 , 346.0 , 292.9 , 374.3 , 241.4 , 113.5 , 105.8 , 107.0 
PhilipsManolo,1970, 110.3 , 92.4 , 125.6 , 24.5 , 209.9 , 501.7 , 373.9 , 295.8 , 266.5 , 347.8 , 180.6 , 160.2 
PhilipsManolo,1971, 78.1 , 243.3 , 156.7 , 148.6 , 300.3 , 358.7 , 321.8 , 506.9 , 342.9 , 348.8 , 287.8 , 55.6 
PhilipsManolo,1972, 138.5 , 75.4 , 179.3 , 105.1 , 285.9 , 255.5 , 112.9 , 353.2 , 339.0 , 90.2 , 167.8 , 247.7 
PhilipsManolo,1973, 5.1 , 16.5 , 9.5 , 155.8 , 241.8 , 382.5 , 380.9 , 394.9 , 521.7 , 254.4 , 413.3 , 183.3 
PhilipsManolo,1974, 208.3 , 246.9 , 65.3 , 101.1 , 278.5 , 339.0 , 353.4 , 279.5 , 300.8 , 284.4 , 98.1 , 162.7 
PhilipsManolo,1975, 182.0 , 48.3 , 93.7 , 231.0 , 383.5 , 485.5 , 371.2 , 139.2 , 453.3 , 262.4 , 174.2 , 128.6 
PhilipsManolo,1976, 270.0 , 83.7 , 86.5 , 29.2 , 136.8 , 355.5 , 119.3 , 258.2 , 131.5 , 224.5 , 290.5 , 143.3 
PhilipsManolo,1977, 186.6 , 222.3 , 103.1 , 39.1 , 261.6 , 224.5 , 492.4 , 332.7 , 65.7 , 121.2 , 202.6 , 28.8 
PhilipsManolo,1978, 90.0 , 86.3 , 53.5 , 145.2 , 247.5 , 454.4 , 267.7 , 321.9 , 317.2 , 269.4 , 185.3 , 162.5 
PhilipsManolo,1979, 30.2 , 11.1 , 67.9 , 35.5 , 200.0 , 438.5 , 174.8 , 201.4 , 253.5 , 205.5 , 122.5 , 130.0 
PhilipsManolo,1980, 270.4 , 99.4 , 23.8 , 120.9 , 164.7 , 341.9 , 321.8 , 397.5 , 304.4 , 447.0 , 108.5 , 182.1 
PhilipsManolo,1981, 442.8 , 72.3 , 60.7 , 28.2 , 241.4 , 197.2 , 406.1 , 92.2 , 284.5 , 229.5 , 185.5 , 129.3 
MalukoManolo,1974, 174 , 127 , 77 , 98 , 206 , 353 , 257 , 128 , 261 , 377 , 178 , 257 
MalukoManolo,1975, 279 , 148 , 155 , 183 , 423 , 444 , 225 , 205 , 266 , 257 , 201 , 131 
MalukoManolo,1976, 268 , 119 , 63 , 100 , 178 , 256 , 101 , 268 , 178 , 178 , 267 , 129 
MalukoManolo,1977, 135 , 277 , 78 , 19 , 175 , 254 , 437 , 333 , 115 , 121 , 203 , 49 
MalukoManolo,1978, 126 , 72 , 96 , 111 , 123 , 333 , 228 , 418 , 235 , 261 , 204 , 211 
MalukoManolo,1979, 49 , 20 , 56 , 42 , 210 , 480 , 296 , 100 , 148 , 184 , 181 , 200 
MalukoManolo,1980, 187 , 126 , 15 , 135 , 125 , 353 , 257 , 242 , 200 , 230 , 206 , 163 
Sasa,1952, 33.9 , 70.6 , 20.1 , 167.0 , 154.7 , 192.5 , 151.3 , 87.1 , 231.7 , 113.5 , 238.2 , 241.8 
Sasa,1953, 211.2 , 71.6 , 24.7 , 105.6 , 305.0 , 252.2 , 281.5 , 158.8 , 197.1 , 166.8 , 281.0 , 61.5 
Sasa,1954, 19.2 , 114.8 , 129.8 , 131.8 , 180.1 , 183.7 , 375.2 , 231.7 , 87.8 , 193.0 , 117.6 , 588.3 
Sasa,1955, 175.2 , 16.7 , 139.1 , 137.8 , 245.1 , 205.6 , 221.8 , 99.1 , 193.2 , 264.9 , 153.6 , 154.2 
Sasa,1956, 151.3 , 175.8 , 45.0 , 192.1 , 231.5 , 123.0 , 168.5 , 162.3 , 268.2 , 206.5 , 161.0 , 299.4 
Sasa,1957, 157.8 , 122.5 , 58.5 , 178.2 , 268.7 , 209.5 , 217.1 , 68.1 , 78.9 , 186.0 , 136.8 , 44.2 
Sasa,1958, 57.6 , 13.6 , 42.5 , 70.1 , 374.2 , 225.3 , 57.9 , 272.6 , 183.3 , 70.6 , 153.1 , 101.9 
Sasa,1959, 108.3 , 19.9 , 85.9 , 134.1 , 247.7 , 233.5 , 203.3 , 144.5 , 145.5 , 236.6 , 146.3 , 86.6 
Sasa,1960, 58.3 , 77.1 , 145.5 , 93.4 , 138.6 , 185.6 , 309.5 , 155.8 , 137.8 , 170.0 , 120.3 , 133.0 
Sasa,1961, 142.8 , 258.1 , 57.5 , 165.3 , 161.0 , 195.2 , 128.5 , 175.6 , 112.1 , 163.2 , 89.9 , 173.5 
Sasa,1962, 248.6 , 230.6 , 92.5 , 256.6 , 214.7 , 114.8 , 204.7 , 52.0 , 188.7 , 138.2 , 131.6 , 86.0 
Sasa,1963, 63.4 , 102.8 , 144.8 , 107.8 , 154.0 , 21.4 , 388.1 , 119.1 , 184.1 , 151.8 , 82.0 , 57.5 
Sasa,1964, 48.5 , 220.1 , 79.6 , 270.6 , 263.7 , 148.3 , 92.4 , 140.1 , 111.3 , 116.1 , 103.1 , 84.1 
Sasa,1965, 170.0 , 180.8 , 179.6 , 262.6 , 178.2 , 194.2 , 85.6 , 186.1 , 278.7 , 24.6 , 128.3 , 135.0 
Sasa,1966, 142.0 , 27.0 , 30.5 , 120.3 , 478.2 , 49.5 , 149.3 , 153.6 , 157.6 , 193.5 , 225.1 , 97.1 
Sasa,1967, 96.6 , 64.3 , 92.1 , 138.5 , 224.2 , 100.9 , 146.6 , 37.9 , 61.4 , 96.5 , 40.0 , 29.0 
Sasa,1968, 222.2 , 26.9 , 39.9 , 29.2 , 245.6 , 49.5 , 171.7 , 261.2 , 126.8 , 228.1 , 74.5 , 75.6 
Sasa,1969, 151.3 , 96.8 , 57.3 , 89.8 , 174.6 , 295.0 , 86.8 , 177.7 , 291.2 , 159.7 , 246.7 , 177.3 
Sasa,1970, 101.3 , 200.3 , 119.8 , 49.4 , 141.6 , 122.1 , 249.8 , 239.2 , 168.7 , 176.3 , 138.6 , 85.9 
Sasa,1971, 145.2 , 70.1 , 14.6 , 325.6 , 325.6 , 313.8 , 125.6 , 246.5 , 329.1 , 125.4 , 184.0 , 79.6 
Sasa,1972, 63.1 , 148.6 , 199.8 , 282.7 , 425.9 , 221.7 , 33.7 , 193.3 , 302.8 , 177.2 , 133.0 , 43.2 
Sasa,1973, 4.3 , 19.9 , 41.3 , 108.5 , 122.6 , 133.3 , 266.8 , 346.6 , 320.1 , 73.6 , 247.4 , 84.0 
Sasa,1974, 130.8 , 156.1 , 32.6 , 265.6 , 47.6 , 204.9 , 101.1 , 59.4 , 154.2 , 130.6 , 136.0 , 84.6 
Sasa,1975, 95.1 , 71.9 , 146.0 , 87.4 , 178.8 , 249.9 , 139.9 , 218.4 , 196.5 , 138.2 , 123.7 , 227.0 
Sasa,1976, 88.0 , 55.9 , 69.4 , 64.4 , 111.6 , 189.1 , 77.7 , 299.3 , 157.5 , 177.2 , 126.5 , 81.7 
Sasa,1977, 177.5 , 130.3 , 55.5 , 13.5 , 85.3 , 243.9 , 174.1 , 197.7 , 82.7 , 349.3 , 89.4 , 27.4 
Sasa,1978, 51.7 , 116.9 , 17.5 , 61.2 , 273.4 , 220.1 , 147.9 , 188.8 , 125.1 , 229.3 , 67.0 , 123.1 
Sasa,1979, 37.0 , 32.5 , 104.0 , 101.9 , 285.7 , 325.9 , 127.1 , 70.0 , 246.9 , 163.3 , 118.9 , 91.0 
Sasa,1980, 173.4 , 124.6 , 15.6 , 178.9 , 196.8 , 519.0 , 170.3 , 183.0 , 78.5 , 176.1 , 127.8 , 231.8 
Sasa,1981, 166.4 , 120.8 , 57.4 , 174.2 , 168.2 , 159.6 , 75.8 , 106.5 , 214.2 , 192.8 , 175.2 , 70.3 
Sasa,1982, 174.1 , 100.1 , 48.4 , 198.3 , 108.1 , 259.0 , 131.7 , 247.1 , 135.5 , 87.1 , 239.4 , 23.3 
Sasa,1983, 59.8 , 14.8 , 11.2 , 15.4 , 106.6 , 221.8 , 321.7 , 258.7 , 174.2 , 134.0 , 114.2 , 194.6 
Sasa,1984, 89.3 , 120.8 , 160.0 , 99.5 , 80.7 , 183.8 , 100.4 , 51.4 , 148.3 , 156.1 , 76.3 , 75.2 
Sasa,1985, 65.7 , 61.9 , 77.8 , 305.5 , 222.9 , 42.4 , 170.1 , 325.7 , 206.8 , 456.7 , 145.1 , 111.9 
Sasa,1986, 303.3 , 75.3 , 80.8 , 39.5 , 102.8 , 262.1 , 130.0 , 45.7 , 229.8 , 134.2 , 135.9 , 8.4 
Sasa,1987, 137.0 , 114.1 , 13.6 , 92.9 , 155.7 , 223.7 , 111.1 , 236.2 , 86.4 , 335.3 , 67.2 , 137.4 
Sasa,1988, 27.6 , 103.2 , 353.8 , 301.8 , 211.4 , 164.2 , 130.8 , 148.9 , 360.0 , 142.9 , 66.7 , 83.4 
Sasa,1989, 121.8 , 108.0 , 192.1 , 180.5 , 214.1 , 295.7 , 61.3 , 216.1 , 92.7 , 117.9 , 160.9 , 89.2 
Sasa,1990, 37.0 , 41.5 , 51.8 , 172.7 , 251.0 , 102.1 , 215.6 , 202.3 , 228.6 , 182.3 , 134.5 , 65.6 
Sasa,1991, 152.2 , 95.7 , 13.3 , 133.5 , 194.5 , 183.9 , 143.2 , 99.5 , 39.4 , 59.7 , 213.1 , 11.4 
Sasa,1992, 5.5 , 1.4 , 3.5 , 5.0 , 100.0 , 220.8 , 273.3 , 73.5 , 139.2 , 79.1 , 178.8 , 96.3 
Sasa,1993, 103.0 , 118.4 , 95.9 , 234.0 , 91.3 , 92.8 , 296.3 , 120.4 , 390.8 , 58.5 , 72.3 , 179.4 
Sasa,1994, 53.7 , 77.6 , 101.8 , 244.7 , 234.4 , 353.1 , 58.0 , 386.6 , 111.4 , 148.5 , 59.4 , 79.0 
Sasa,1995, 99.5 , 185.3 , 119.0 , 73.1 , 167.3 , 108.8 , 184.3 , 236.8 , 194.1 , 124.0 , 137.5 , 206.3 
Sasa,1996, 215.4 , 109.5 , 43.1 , 45.5 , 130.1 , 159.8 , 139.8 , 105.3 , 103.4 , 183.2 , 224.4 , 47.6 
Sasa,1997, 303.4 , 156.9 , 119.1 , 133.8 , 170.7 , 60.0 , 100.6 , 45.4 , 170.3 , 449.3 , 31.8 , 71.8 
Sasa,1998, 43.4 , 24.7 , 7.1 , 30.6 , 160.4 , 149.3 , 144.5 , 94.1 , 229.8 , 206.2 , 169.3 , 86.8 
Sasa,1999, 307.1 , 135.4 , 290.5 , 173.6 , 220.2 , 177.5 , 115.1 , 157.8 , 214.8 , 89.8 , 104.3 , 257.1 
Sasa,2000, 337.0 , 303.9 , 231.5 , 98.8 , 94.4 , 188.4 , 175.0 , 257.2 , 58.6 , 279.8 , 199.1 , 133.8 
Sasa,2001, 98.0 , 76.2 , 113.7 , 61.1 , 67.9 , 112.9 , 226.5 , 152.4 , 161.2 , 99.1 , 193.1 , 85.8 
Sasa,2002, 127.9 , 160.6 , 38.8 , 40.8 , 107.5 , 357.7 , 51.1 , 204.8 , 185.3 , 129.5 , 202.5 , 30.8 
Sasa,2003, 108.4 , 176.3 , 120.5 , 115.5 , 144.9 , 141.2 , 192.9 , 144.3 , 52.3 , 211.9 , 149.0 , 202.1 
Sasa,2004, 100.1 , 181.2 , 172.7 , 171.5 , 223.1 , 94.2 , 184.0 , 16.2 , 280.9 , 181.5 , 89.0 , 258.3 
Sasa,2005, 64.0 , 17.0 , 22.4 , 67.7 , 151.2 , 183.4 , 205.2 , 166.7 , 137.3 , 158.1 , 68.5 , 68.5 
Sasa,2006, 194.5 , 194.5 , 225.4 , 59.9 , 195.9 , 287.5 , 188.9 , 168.8 , 188.9 , 186.2 , 107.6 , 81.3 
Sasa,2007, 152.1 , 116.9 , 87.2 , 72.0 , 214.4 , 162.4 , 161.5 , 318.5 , 77.0 , 249.0 , 92.0 , 126.6 
Sasa,2008, 172.6 , 161.3 , 226.5 , 115.9 , 167.8 , 391.8 , 178.7 , 60.7 , 324.7 , 175.8 , 310.9 , 68.1 
Sasa,2009, 232.8 , 175.1 , 92.6 , 158.9 , 185.2 , 193.9 , 240.7 , 175.6 , 109.0 , 59.3 , 137.1 , 47.0 
Sasa,2010, 157.5 , 16.0 , 52.9 , 124.0 , 57.3 , 87.8 , 251.6 , 281.8 , 117.6 , 179.7 , 88.0 , 199.6 
Sasa,2011, 231.8 , 144.9 , 97.2 , 225.7 , 175.9 , 243.2 , 205.1 , 261.5 , 304.9 , 177.6 , 116.9 , 160.4 
Sasa,2012, 130.7 , 204.4 , 154.4 , 125.0 , 155.7 , 172.4 , 223.7 , 211.4 , 92.0 , 154.1 , 126.8 , 247.6 
Sasa,2013, 430.5 , 212.0 , 60.0 , 124.1 , 60.0 , 186.4 , 129.1 , 185.6 , 112.3 , 332.6 , 192.6 , 59.6 
BagoOshiro,1976, 142.5 , 93.9 , 134.5 , 59.5 , 62.7 , 217.8 , 364.7 , 375.8 , 133.6 , 303.7 , 178.2 , 111.4 
BagoOshiro,1977, 63.3 , 106.3 , 80.6 , 24.6 , 240.6 , 403.5 , 299.3 , 384.0 , 174.8 , 303.5 , 256.2 , 76.8 
BagoOshiro,1978, 92.0 , 93.4 , 28.7 , 88.9 , 303.1 , 279.6 , 74.2 , 124.9 , 180.4 , 166.5 , 216.3 , 80.0 
BagoOshiro,1979, 21.2 , 38.9 , 166.3 , 79.4 , 256.6 , 402.2 , 215.0 , 251.8 , 215.2 , 164.5 , 67.2 , 177.9 
BagoOshiro,1980, 196.0 , 92.8 , 134.5 , 176.7 , 95.0 , 560.4 , 239.1 , 127.6 , 139.3 , 258.9 , 127.5 , 369.9 
BagoOshiro,1981, 131.4 , 93.8 , 37.4 , 176.7 , 216.4 , 226.9 , 92.9 , 75.2 , 286.5 , 237.5 , 278.4 , 76.8 
BagoOshiro,1982, 179.2 , 67.1 , 118.4 , 182.1 , 373.0 , 492.3 , 121.6 , 370.9 , 132.9 , 102.8 , 238.8 , 126.9 
BagoOshiro,1983, 101.6 , 20.1 , 8.7 , 27.7 , 327.2 , 312.2 , 298.3 , 306.1 , 143.2 , 313.1 , 272.6 , 93.6 
BagoOshiro,1984, 42.3 , 98.1 , 49.7 , 190.4 , 267.5 , 326.7 , 190.5 , 171.8 , 269.1 , 70.0 , 93.5 , 150.3 
BagoOshiro,1985, 57.2 , 25.7 , 119.4 , 60.8 , 429.5 , 118.6 , 87.7 , 188.4 , 228.6 , 325.0 , 114.9 , 163.1 
BagoOshiro,1986, 205.2 , 50.6 , 134.4 , 121.6 , 208.2 , 300.6 , 150.6 , 91.0 , 261.8 , 178.2 , 211.4 , 9.7 
BagoOshiro,1987, 87.6 , 89.5 , 28.6 , 145.0 , 255.9 , 148.8 , 221.0 , 339.0 , 279.4 , 217.2 , 47.0 , 57.6 
BagoOshiro,1988, 27.0 , 61.2 , 195.2 , 144.4 , 323.8 , 179.8 , 75.6 , 191.6 , 332.4 , 128.0 , 128.1 , 187.4 
BagoOshiro,1989, 78.0 , 82.0 , 135.3 , 197.6 , 236.7 , 238.0 , 59.4 , 105.2 , 225.5 , 195.3 , 175.0 , 157.0 
BagoOshiro,1990, 87.0 , 26.7 , 56.5 ,, 265.0 , 303.4 , 153.2 , 245.5 , 124.4 , 70.5 , 387.8 , 75.6 
BagoOshiro,1991, 142.6 , 23.5 , 19.0 , 169.2 , 403.1 , 212.0 , 102.0 , 166.4 , 61.3 , 164.4 , 129.5 , 59.6 
BagoOshiro,1992, 142.5 , 93.9 , 134.5 , 176.7 , 278.1 , 293.0 , 239.1 , 191.2 , 233.4 , 28.4 , 142.6 , 60.4 
BagoOshiro,1993, 89.8 , 44.2 , 228.4 , 110.8 , 265.0 , 152.8 , 586.0 , 393.0 , 574.2 , 99.9 , 114.4 , 262.2 
BagoOshiro,1994, 57.4 , 52.8 , 112.4 , 241.0 , 470.7 , 434.3 , 94.2 , 166.6 , 44.0 , 230.5 , 152.1 , 74.0 
BagoOshiro,1995, 142.5 , 93.9 , 134.5 , 27.0 , 202.1 , 535.2 , 152.1 , 259.3 , 171.9 , 325.7 , 135.9 , 238.9 
BagoOshiro,1996, 198.7 , 97.2 , 129.1 , 293.6 , 204.1 , 137.2 , 362.4 , 316.3 , 281.6 , 348.9 , 234.8 , 86.0 
BagoOshiro,1997, 556.3 , 97.9 , 119.0 , 388.0 , 358.1 , 241.9 , 225.4 , 161.6 , 292.2 , 351.4 , 154.0 , 59.5 
BagoOshiro,1998, 21.6 , 44.2 , 8.5 , 37.8 , 187.7 , 293.2 , 287.6 , 255.1 , 308.6 , 204.7 , 244.7 , 209.0 
BagoOshiro,1999, 256.6 , 119.8 , 351.7 , 357.1 , 274.7 , 177.9 , 416.8 , 391.0 , 158.8 , 193.5 , 216.0 , 317.3 
BagoOshiro,2000, 269.8 , 392.2 , 258.9 , 528.2 , 392.1 , 355.4 , 189.4 , 432.7 , 221.7 , 261.4 , 111.9 , 193.0 
BagoOshiro,2001, 130.8 , 91.4 , 259.3 , 155.5 , 210.0 , 199.5 , 383.3 , 188.4 , 275.6 , 332.0 , 425.1 , 232.6 
BagoOshiro,2002, 160.3 , 179.0 , 74.4 , 166.9 , 642.1 , 247.5 , 228.0 , 96.2 , 309.9 , 307.4 , 303.2 , 78.4 
BagoOshiro,2003, 70.1 , 177.4 , 123.2 , 232.1 , 541.9 , 243.2 , 337.4 , 436.8 , 109.8 , 335.6 , 221.4 , 275.1 
BagoOshiro,2004, 159.6 , 126.3 , 148.7 , 231.5 , 331.1 , 100.9 , 431.2 , 109.6 , 312.9 , 212.6 , 150.7 , 230.6 
BagoOshiro,2005, 104.0 , 38.6 , 70.5 , 192.1 , 216.5 , 267.9 , 187.4 , 369.0 , 201.9 , 220.2 , 139.4 , 305.5 
BagoOshiro,2006, 151.4 , 125.3 , 280.9 , 98.9 , 248.8 , 293.6 , 254.3 , 428.1 , 175.2 , 288.5 , 201.3 , 106.3 
BagoOshiro,2007, 162.9 , 79.2 , 78.4 , 282.7 , 282.7 , 438.4 , 251.9 , 392.7 , 172.7 , 306.9 , 166.6 , 154.4 
BagoOshiro,2008, 169.5 , 100.0 , 265.2 , 145.4 , 162.6 , 467.7 , 293.4 , 269.6 , 184.3 , 227.4 , 132.6 , 104.5 
BagoOshiro,2009, 311.0 , 198.4 , 235.8 , 285.0 , 177.8 , 235.3 , 368.1 , 199.1 , 101.1 , 116.4 , 161.6 , 73.3 
BagoOshiro,2010, 123.8 , 28.5 , 266.2 , 110.8 , 86.4 , 241.3 , 359.1 , 280.6 , 178.3 , 250.3 , 143.0 , 264.8 
BagoOshiro,2011, 196.9 , 136.9 , 116.7 , 279.4 , 213.2 , 470.1 , 214.7 , 213.4 , 249.7 , 279.1 , 210.9 , 112.5 
BagoOshiro,2012, 142.8 , 333.4 , 135.6 , 206.7 , 177.2 , 239.5 , 324.6 , 260.6 , 221.1 , 429.3 , 163.2 , 183.6 
BagoOshiro,2013, 376.8 , 246.3 , 109.4 , 190.0 , 170.5 , 241.0 , 310.4 , 216.7 , 119.0 , 216.7 , 178.4 , 178.4 
Impasug-ong,1975, 234.6 , 174.2 , 161.7 , 67.3 , 211.0 , 334.9 , 409.9 , 88.1 , 464.1 , 169.0 , 26.2 , 37.1 
Impasug-ong,1976, 457.3 , 14.6 , 32.7 , 1.9 , 177.6 , 311.0 , 58.2 , 404.4 , 157.7 , 51.2 , 208.5 , 171.9 
Impasug-ong,1977, 85.6 , 162.0 , 40.8 , 54.8 , 270.0 , 203.0 , 394.0 , 354.0 , 60.0 , 176.0 , 234.0 , 38.1 
Impasug-ong,1978, 126.0 , 39.3 , 19.6 , 195.0 , 201.0 , 588.0 , 227.0 , 426.0 , 377.0 , 381.0 , 261.0 , 285.0 
Impasug-ong,1979, 7.5 , 5.0 , 85.9 , 112.5 , 173.5 , 414.4 , 266.4 , 251.8 , 328.2 , 298.2 , 285.5 , 377.0 
Impasug-ong,1980, 459.7 , 145.7 , 20.3 , 115.0 , 131.0 , 439.6 , 225.5 , 398.9 , 317.5 , 647.0 , 137.7 , 190.7 
Impasug-ong,1981, 550.2 , 89.5 , 87.1 , 14.0 , 379.6 , 382.7 , 408.1 , 147.7 , 410.2 , 157.4 , 477.3 , 74.9 
Impasug-ong,1982, 423.0 , 170.9 , 69.6 , 91.7 , 168.6 , 109.7 , 166.5 , 160.4 , 315.0 , 128.0 , 107.2 , 111.5 
Impasug-ong,1983, 41.0 , 3.2 , 6.4 , 8.4 , 106.4 , 303.1 , 379.4 , 301.3 , 254.1 , 176.2 , 156.8 , 91.3 
Impasug-ong,1984, 156.3 , 122.5 , 145.4 , 262.5 , 350.2 , 226.4 , 267.6 , 138.7 , 289.8 , 225.2 , 82.1 , 105.5 
Impasug-ong,1985, 196.2 , 29.4 , 47.6 , 129.3 , 244.9 , 183.2 , 330.4 , 109.2 , 249.6 , 249.6 , 175.8 , 247.7 
Impasug-ong,1986, 159.8 , 31.6 , 120.5 , 97.0 , 146.9 , 429.0 , 543.0 , 281.3 , 226.5 , 212.9 , 210.2 , 101.8 
Impasug-ong,1990, 119.3 , 5.9 , 54.1 , 37.7 , 172.4 , 253.4 , 269.1 , 186.1 , 229.1 , 220.3 , 346.4 , 38.1 
Impasug-ong,1991, 139.0 , 60.7 , 29.2 , 245.5 , 126.4 , 224.8 , 272.7 , 120.2 , 149.2 , 218.3 , 155.4 , 18.7 
Impasug-ong,1992, 27.1 , 5.8 , 7.2 , 9.0 , 83.2 , 245.5 , 231.8 , 203.5 , 193.6 , 275.1 , 151.1 , 115.1 
Impasug-ong,1993, 30.8 , 153.8 , 88.1 , 144.7 , 75.7 , 196.6 , 324.4 , 143.3 , 349.2 , 381.6 , 139.5 , 241.6 
Impasug-ong,1994, 173.0 , 63.0 , 115.2 , 147.3 , 177.0 , 319.7 , 90.5 , 233.6 , 261.9 , 178.7 , 105.2 , 101.3 
Impasug-ong,1995, 139.9 , 55.9 , 117.7 , 42.5 , 180.3 , 301.3 , 325.4 , 113.0 , 139.6 , 158.5 , 162.2 , 298.3 
Impasug-ong,1996, 230.6 , 164.4 , 54.7 , 234.6 , 222.9 , 295.0 , 227.5 , 275.1 , 252.3 , 181.2 , 182.7 , 61.7 
Impasug-ong,1997, 161.8 , 68.5 , 130.4 , 84.5 , 208.2 , 272.4 , 177.2 , 201.4 , 364.9 , 301.1 , 97.9 , 110.1 
Impasug-ong,1998, 211.1 , 11.5 , 4.3 , 20.1 , 73.8 , 253.5 , 389.1 , 161.4 , 200.5 , 171.7 , 247.7 , 145.7 
Impasug-ong,1999, 308.5 , 288.7 , 151.1 , 303.3 , 295.8 , 204.6 , 249.8 , 187.1 , 268.7 , 167.2 , 146.6 , 182.2 
Impasug-ong,2000, 124.5 , 93.2 , 315.3 , 90.3 , 224.5 , 464.3 , 165.8 , 166.3 , 140.6 , 369.6 , 242.6 , 159.7 
Impasug-ong,2001, 76.9 , 128.8 , 189.0 , 33.4 , 325.4 , 246.6 , 167.9 , 230.8 , 192.7 , 177.1 , 230.3 , 130.2 
Impasug-ong,2008, 274.9 , 204.7 , 198.4 , 303.1 , 299.3 , 338.8 , 318.5 , 237.4 , 299.4 , 341.0 , 178.1 , 202.9 
Impasug-ong,2009, 468.8 , 309.8 , 59.7 , 304.5 , 439.8 , 314.1 , 408.6 , 188.1 , 193.8 , 267.8 , 316.2 , 54.2 
Impasug-ong,2010, 242.1 , 33.9 , 43.6 , 61.3 , 249.0 , 559.3 , 467.1 , 451.4 , 346.7 , 312.9 , 355.8 , 129.3 
Impasug-ong,2011, 365.9 , 311.3 , 201.1 , 201.6 , 386.6 , 536.3 , 397.6 , 275.0 , 209.0 , 359.8 , 226.7 , 411.0 
Impasug-ong,2012, 131.1 , 367.8 , 291.4 , 148.5 , 507.7 , 253.0 , 441.0 , 346.0 , 320.6 , 199.7 , 108.5 , 311.8 
Damilag,2001, 61.5 , 104.1 , 137.7 , 145.5 , 276.1 , 323.9 , 275.8 , 250.2 , 214.1 , 202.4 , 241.8 , 139.2 
Damilag,2002, 58.9 , 98.3 , 72.1 , 30.5 , 235.0 , 275.6 , 223.0 , 308.6 , 322.1 , 234.7 , 48.8 , 29.0 
Damilag,2003, 117.6 , 50.5 , 22.1 , 24.1 , 179.6 , 206.2 , 393.2 , 297.7 , 208.5 , 185.9 , 41.4 , 292.1 
Damilag,2004, 33.5 , 198.9 , 62.2 , 5.1 , 212.1 , 320.8 , 227.1 , 202.2 , 266.2 , 150.1 , 11.7 , 92.7 
Damilag,2005, 57.9 , 4.3 , 93.2 , 39.4 , 161.8 , 213.6 , 175.5 , 237.7 , 208.3 , 213.6 , 57.4 , 126.5 
Damilag,2006, 129.3 , 72.4 , 61.2 , 28.2 , 109.7 , 264.4 , 180.1 , 201.9 , 154.2 , 200.2 , 75.9 , 27.2 
Damilag,2007, 91.7 , 21.8 , 26.7 , 39.9 , 114.0 , 286.5 , 367.3 , 303.0 , 227.1 , 145.0 , 151.1 , 144.8 
Damilag,2008, 168.1 , 126.5 , 167.1 , 298.5 , 158.5 , 243.6 , 243.8 , 159.0 , 260.1 , 175.3 , 172.0 , 168.7 
Damilag,2009, 512.8 , 167.4 , 20.8 , 226.3 , 217.7 , 360.7 , 262.9 , 268.5 , 135.6 , 109.0 , 332.0 , 38.6 
Damilag,2010, 211.1 , 5.8 , 26.7 , 12.7 , 187.2 , 224.3 , 307.3 , 300.0 , 304.0 , 185.7 , 174.5 , 78.0 
Damilag,2011, 304.3 , 154.4 , 260.9 , 57.9 , 321.1 , 258.1 , 304.5 , 199.4 , 158.5 , 209.8 , 146.1 , 258.1 
Damilag,2012, 73.9 , 202.2 , 144.5 , 134.1 , 117.3 , 218.9 , 245.9 , 168.7 , 195.8 , 147.6 , 114.0 , 180.3 